,Fruits & vegetables,Meat,Milk products,Canned vegetables,Canned meat,Frozen goods,Beer,Wine,Soda drinks,Fish,Textile
0,No,Yes,Yes,No,No,No,No,No,No,No,Yes
1,No,Yes,No,No,No,No,No,No,No,No,Yes
2,No,No,No,Yes,No,Yes,Yes,No,No,Yes,No
3,No,No,Yes,No,No,No,No,Yes,No,No,No
4,No,No,No,No,No,No,No,No,No,No,No
5,No,Yes,No,No,No,No,No,Yes,No,Yes,No
6,Yes,No,No,No,No,No,No,No,Yes,No,No
7,No,No,No,No,No,No,Yes,No,No,No,No
8,Yes,No,No,No,No,Yes,No,No,No,No,No
9,Yes,No,No,No,No,No,No,No,No,Yes,No
10,Yes,Yes,Yes,Yes,No,No,No,Yes,No,Yes,No
11,Yes,No,No,No,No,No,No,No,No,Yes,No
12,No,No,Yes,No,Yes,Yes,No,No,No,Yes,No
13,No,No,No,No,No,No,No,No,Yes,Yes,No
14,Yes,No,Yes,No,No,No,No,No,Yes,Yes,No
15,No,No,No,No,No,Yes,Yes,No,Yes,No,No
16,Yes,No,No,Yes,No,No,No,No,No,Yes,No
17,No,No,No,No,No,No,No,No,No,Yes,No
18,No,No,No,No,No,No,Yes,No,No,Yes,No
19,Yes,No,No,Yes,No,No,No,Yes,No,Yes,Yes
20,No,No,No,No,No,Yes,No,No,No,Yes,No
21,No,No,No,No,No,No,No,Yes,No,No,Yes
22,No,No,No,No,No,No,No,No,No,Yes,No
23,No,Yes,Yes,Yes,Yes,Yes,Yes,Yes,No,No,No
24,No,No,No,No,No,No,Yes,No,No,No,Yes
25,No,No,Yes,No,No,Yes,Yes,No,No,No,No
26,No,Yes,No,No,No,No,No,Yes,No,No,Yes
27,No,No,No,No,No,No,No,No,No,No,No
28,No,Yes,No,No,No,No,No,Yes,No,Yes,Yes
29,No,No,No,No,Yes,No,No,No,No,No,No
30,No,No,No,No,No,Yes,Yes,Yes,No,Yes,No
31,No,No,No,No,No,Yes,No,Yes,No,No,No
32,No,No,No,Yes,Yes,No,Yes,Yes,No,No,No
33,Yes,No,No,No,No,No,No,No,No,No,No
34,No,Yes,No,No,No,No,No,No,Yes,No,No
35,No,No,No,No,No,No,No,No,No,No,No
36,Yes,No,No,No,No,No,No,No,No,No,No
37,No,Yes,No,No,No,No,No,No,No,No,No
38,No,No,No,No,No,No,No,No,No,Yes,Yes
39,No,No,No,No,No,No,No,Yes,No,No,Yes
40,No,Yes,No,No,No,No,Yes,No,No,No,No
41,No,No,No,No,No,No,No,No,Yes,No,No
42,No,No,No,Yes,Yes,Yes,Yes,Yes,No,Yes,No
43,Yes,No,No,No,Yes,No,No,No,No,No,No
44,Yes,Yes,No,No,No,No,No,No,No,No,No
45,No,No,No,No,No,No,No,Yes,No,No,No
46,No,No,No,No,No,No,No,No,No,Yes,No
47,No,No,No,No,No,Yes,No,Yes,No,No,Yes
48,No,No,No,No,No,No,No,Yes,Yes,No,Yes
49,No,No,No,No,No,Yes,No,No,No,No,No
50,No,No,No,No,No,Yes,No,No,No,No,No
51,Yes,No,No,No,No,No,Yes,Yes,No,Yes,No
52,No,Yes,No,No,No,No,No,Yes,Yes,No,No
53,No,No,No,Yes,No,Yes,Yes,No,Yes,No,No
54,No,No,Yes,No,No,No,Yes,No,No,No,No
55,No,No,No,No,No,No,No,Yes,No,No,No
56,Yes,No,No,No,No,No,No,No,No,No,No
57,Yes,No,No,Yes,No,No,Yes,Yes,No,No,No
58,No,No,No,No,No,No,No,Yes,No,Yes,Yes
59,No,No,No,No,No,No,No,No,No,No,Yes
60,No,No,No,No,No,No,No,No,Yes,No,No
61,No,No,No,Yes,Yes,No,No,No,Yes,No,Yes
62,Yes,No,Yes,No,Yes,No,No,No,No,Yes,No
63,No,No,No,No,No,No,No,Yes,No,No,Yes
64,Yes,No,Yes,No,No,No,No,No,No,No,Yes
65,No,No,Yes,Yes,Yes,Yes,Yes,No,Yes,No,No
66,No,No,No,No,Yes,No,No,No,Yes,Yes,No
67,No,No,No,No,No,No,Yes,No,No,No,No
68,Yes,No,Yes,No,No,No,No,No,No,No,No
69,Yes,No,Yes,Yes,No,No,No,No,No,No,No
70,Yes,Yes,Yes,No,No,No,No,Yes,No,No,Yes
71,No,No,No,No,Yes,No,No,No,No,No,No
72,No,No,No,No,No,Yes,No,No,No,No,No
73,Yes,No,No,No,No,No,Yes,Yes,No,No,Yes
74,No,No,No,No,No,Yes,No,No,No,Yes,No
75,No,No,No,No,No,Yes,No,Yes,No,No,Yes
76,No,No,No,No,No,Yes,No,No,No,No,No
77,Yes,No,No,Yes,No,No,Yes,No,No,Yes,No
78,No,No,No,No,No,Yes,No,No,No,Yes,No
79,No,No,No,Yes,No,Yes,Yes,No,No,No,No
80,No,No,No,No,No,No,No,No,No,No,No
81,Yes,No,No,No,No,No,No,No,No,No,No
82,Yes,No,No,No,No,No,No,No,No,Yes,No
83,No,No,No,No,Yes,No,No,No,No,Yes,No
84,No,No,No,No,No,No,Yes,No,No,No,No
85,No,Yes,No,No,No,Yes,No,No,No,Yes,No
86,No,No,No,No,No,No,No,No,No,No,No
87,No,No,No,No,No,Yes,No,No,Yes,No,No
88,No,No,No,No,No,No,No,No,No,No,No
89,No,No,No,No,No,No,No,Yes,Yes,No,Yes
90,No,No,No,Yes,No,Yes,Yes,Yes,No,Yes,No
91,No,No,No,No,No,No,No,No,No,No,No
92,Yes,No,No,No,No,No,No,Yes,Yes,Yes,No
93,No,Yes,No,No,No,No,Yes,No,No,No,No
94,Yes,Yes,No,No,No,No,No,No,No,No,No
95,No,No,Yes,Yes,No,Yes,Yes,No,Yes,No,No
96,No,No,Yes,No,No,No,No,No,Yes,No,Yes
97,No,No,No,Yes,No,Yes,Yes,No,No,No,No
98,No,Yes,No,No,No,Yes,No,No,Yes,No,No
99,No,No,No,Yes,No,No,No,Yes,No,No,No
100,Yes,No,No,No,Yes,No,Yes,No,No,No,Yes
101,Yes,No,Yes,Yes,No,No,No,No,No,Yes,No
102,No,No,Yes,No,No,No,No,No,No,No,No
103,No,No,Yes,No,Yes,No,No,No,No,No,No
104,No,No,No,No,No,Yes,No,No,No,Yes,No
105,No,No,No,No,No,No,No,No,No,No,No
106,Yes,Yes,No,No,No,No,No,No,No,No,Yes
107,No,No,Yes,Yes,No,Yes,Yes,No,No,No,No
108,No,No,No,Yes,Yes,Yes,Yes,Yes,No,Yes,No
109,No,No,No,No,Yes,No,No,No,Yes,No,No
110,No,No,No,No,Yes,Yes,No,No,No,No,No
111,No,No,No,Yes,No,Yes,Yes,No,Yes,Yes,No
112,Yes,No,No,Yes,Yes,Yes,Yes,Yes,No,Yes,No
113,No,No,No,Yes,Yes,No,No,No,No,Yes,Yes
114,No,Yes,No,No,No,No,Yes,Yes,Yes,No,No
115,No,Yes,No,No,No,No,No,No,Yes,Yes,No
116,No,No,No,No,No,No,No,No,No,No,No
117,Yes,No,No,No,No,No,No,No,No,No,No
118,No,No,Yes,No,No,No,Yes,No,No,No,Yes
119,No,No,Yes,No,No,No,No,Yes,No,No,No
120,Yes,No,Yes,No,No,Yes,No,No,No,Yes,No
121,Yes,No,No,No,No,No,Yes,No,No,Yes,No
122,No,No,No,No,No,Yes,No,Yes,No,No,Yes
123,No,No,No,Yes,Yes,No,No,No,No,No,No
124,No,No,No,Yes,No,Yes,Yes,Yes,No,No,No
125,No,No,Yes,No,No,Yes,Yes,No,No,No,Yes
126,Yes,Yes,No,Yes,No,No,No,No,No,Yes,No
127,No,No,No,No,Yes,No,No,Yes,No,No,Yes
128,Yes,No,Yes,No,No,No,No,No,No,Yes,No
129,No,Yes,No,No,No,No,No,No,No,No,No
130,Yes,No,No,No,No,No,Yes,No,Yes,Yes,No
131,No,No,No,No,No,Yes,No,No,Yes,No,No
132,No,No,Yes,Yes,No,No,No,No,No,No,No
133,No,No,No,Yes,No,No,No,No,No,No,No
134,No,No,No,No,No,No,Yes,No,No,No,No
135,No,No,No,Yes,No,Yes,No,Yes,Yes,No,No
136,No,No,No,Yes,No,No,Yes,No,Yes,Yes,No
137,Yes,No,No,No,No,Yes,Yes,No,Yes,Yes,No
138,No,Yes,No,Yes,Yes,Yes,Yes,No,Yes,No,Yes
139,Yes,No,No,No,No,No,No,No,No,No,No
140,No,No,No,Yes,Yes,No,No,Yes,No,Yes,Yes
141,No,No,No,No,No,No,No,Yes,Yes,No,No
142,No,No,No,Yes,No,Yes,Yes,No,No,No,No
143,Yes,No,No,No,No,No,No,No,No,No,No
144,No,No,No,Yes,No,No,No,No,No,No,No
145,No,No,No,No,No,No,No,No,No,No,No
146,No,Yes,No,Yes,Yes,Yes,Yes,Yes,No,No,Yes
147,No,No,No,No,Yes,Yes,Yes,No,No,No,No
148,Yes,No,No,Yes,No,Yes,Yes,Yes,No,No,No
149,Yes,No,No,Yes,No,Yes,Yes,No,No,Yes,No
150,No,No,No,No,Yes,No,No,No,No,No,No
151,No,No,No,Yes,No,No,No,No,No,Yes,No
152,No,Yes,No,No,Yes,No,No,No,No,No,No
153,No,No,No,Yes,Yes,Yes,Yes,No,No,No,Yes
154,No,Yes,Yes,No,No,No,No,Yes,No,No,Yes
155,Yes,Yes,No,No,No,No,No,No,Yes,No,No
156,No,No,No,Yes,No,No,No,No,No,No,No
157,No,No,No,Yes,Yes,Yes,Yes,No,No,No,No
158,No,No,No,No,Yes,No,No,No,No,Yes,No
159,No,No,No,Yes,No,Yes,No,No,No,No,No
160,Yes,Yes,No,Yes,No,Yes,Yes,No,No,Yes,No
161,No,No,Yes,No,No,No,Yes,Yes,No,No,Yes
162,No,No,No,Yes,Yes,Yes,Yes,Yes,No,No,No
163,No,No,No,No,No,No,No,No,No,No,No
164,No,No,No,No,No,No,No,Yes,No,No,No
165,Yes,No,No,No,No,No,No,Yes,No,No,Yes
166,No,No,No,No,No,Yes,No,No,No,No,No
167,Yes,No,No,No,No,Yes,Yes,No,No,No,No
168,No,Yes,Yes,Yes,No,Yes,No,No,No,Yes,Yes
169,Yes,No,No,Yes,No,Yes,Yes,No,No,Yes,No
170,Yes,No,No,Yes,No,No,No,Yes,No,Yes,No
171,No,No,No,No,No,No,No,No,No,No,No
172,No,No,No,No,No,No,No,Yes,Yes,No,No
173,No,Yes,No,No,No,No,Yes,No,No,No,No
174,No,No,No,No,No,No,Yes,No,Yes,Yes,No
175,No,No,No,Yes,Yes,Yes,Yes,No,Yes,No,No
176,No,No,Yes,No,No,Yes,No,Yes,Yes,No,Yes
177,No,No,No,No,No,No,No,Yes,No,No,Yes
178,Yes,No,No,No,No,No,Yes,No,No,No,No
179,Yes,No,Yes,No,No,Yes,Yes,No,No,No,No
180,No,No,No,Yes,No,Yes,Yes,Yes,No,Yes,No
181,No,No,No,Yes,No,No,Yes,No,No,No,No
182,No,No,No,No,Yes,No,No,No,No,No,No
183,Yes,No,No,No,Yes,No,No,No,No,Yes,No
184,No,No,No,Yes,Yes,No,No,Yes,No,No,Yes
185,Yes,No,No,No,No,No,Yes,No,No,No,No
186,Yes,No,No,No,No,No,No,Yes,No,No,Yes
187,No,Yes,No,No,No,No,No,No,No,Yes,Yes
188,No,Yes,No,Yes,No,Yes,Yes,Yes,No,Yes,Yes
189,No,No,No,Yes,Yes,Yes,Yes,No,No,Yes,No
190,No,No,No,No,No,No,Yes,No,No,No,No
191,No,No,No,No,No,No,No,No,Yes,Yes,No
192,No,No,Yes,No,No,No,No,No,No,No,No
193,Yes,No,No,Yes,No,Yes,Yes,Yes,No,Yes,No
194,No,No,No,No,No,No,No,No,No,No,No
195,Yes,No,Yes,No,No,Yes,No,Yes,Yes,Yes,Yes
196,No,No,No,No,No,Yes,No,No,No,No,No
197,Yes,No,No,No,No,No,No,No,Yes,Yes,Yes
198,No,No,No,Yes,No,Yes,Yes,Yes,Yes,No,No
199,No,No,No,Yes,No,Yes,Yes,No,No,No,Yes
200,No,No,No,No,No,Yes,No,No,No,No,Yes
201,No,No,No,Yes,No,Yes,Yes,No,No,Yes,No
202,No,No,No,No,Yes,No,Yes,No,No,No,No
203,Yes,No,No,Yes,Yes,Yes,Yes,No,No,No,No
204,No,No,No,No,No,No,Yes,No,No,No,Yes
205,No,No,No,Yes,Yes,Yes,No,No,No,No,Yes
206,No,No,No,No,No,No,No,No,No,No,Yes
207,No,No,No,No,Yes,No,No,No,Yes,No,Yes
208,No,No,No,Yes,No,No,No,Yes,No,No,Yes
209,Yes,No,No,No,No,No,No,No,No,Yes,Yes
210,No,No,No,No,No,No,No,Yes,No,No,Yes
211,No,No,No,No,Yes,No,No,No,No,Yes,No
212,No,No,No,No,Yes,No,No,No,No,No,No
213,Yes,No,No,No,Yes,No,No,No,No,Yes,No
214,No,Yes,No,No,Yes,No,No,No,No,No,Yes
215,Yes,No,No,Yes,No,No,No,Yes,No,No,No
216,Yes,No,Yes,No,No,No,No,No,No,No,No
217,No,No,No,Yes,No,No,No,Yes,No,No,Yes
218,No,No,No,Yes,No,Yes,Yes,Yes,Yes,No,No
219,No,Yes,No,Yes,Yes,Yes,No,No,Yes,No,No
220,Yes,No,No,No,No,No,No,Yes,No,Yes,No
221,Yes,Yes,No,No,Yes,No,No,No,Yes,No,No
222,No,Yes,No,No,No,No,No,Yes,No,No,Yes
223,Yes,No,No,Yes,No,Yes,No,No,No,Yes,No
224,Yes,No,No,No,No,No,No,Yes,No,No,Yes
225,Yes,Yes,Yes,No,No,No,No,Yes,No,No,Yes
226,No,No,No,No,No,No,Yes,No,No,No,No
227,No,No,No,No,No,No,No,No,No,No,No
228,No,Yes,No,No,No,No,No,No,No,No,No
229,No,No,No,No,No,No,No,Yes,No,No,Yes
230,No,No,No,Yes,No,Yes,Yes,No,Yes,No,Yes
231,Yes,No,Yes,No,No,No,No,Yes,No,Yes,Yes
232,No,No,Yes,Yes,Yes,No,No,Yes,No,No,No
233,No,No,Yes,No,Yes,Yes,No,Yes,No,No,No
234,No,No,Yes,No,No,Yes,No,No,No,No,No
235,No,No,No,No,No,No,No,No,No,No,No
236,No,No,No,No,No,No,Yes,No,No,No,No
237,No,No,No,No,No,No,No,Yes,No,Yes,No
238,No,No,No,No,No,No,No,Yes,No,No,Yes
239,No,No,No,No,No,No,Yes,No,No,No,No
240,No,No,No,No,Yes,No,No,No,No,No,No
241,Yes,No,No,Yes,Yes,Yes,Yes,Yes,No,Yes,No
242,No,No,No,No,No,No,No,No,No,No,No
243,Yes,Yes,No,No,No,No,No,No,No,No,Yes
244,Yes,Yes,No,No,No,No,No,No,Yes,Yes,No
245,Yes,No,Yes,Yes,No,Yes,Yes,No,No,Yes,No
246,No,No,No,No,No,No,No,No,No,Yes,No
247,No,No,No,No,No,No,No,No,No,No,Yes
248,No,No,No,No,No,No,No,No,No,No,Yes
249,No,No,No,No,No,No,No,No,No,No,Yes
250,Yes,No,Yes,No,No,No,No,No,No,No,No
251,No,No,No,No,No,No,No,No,Yes,No,No
252,No,No,No,Yes,No,No,No,No,No,No,No
253,No,Yes,No,No,No,Yes,Yes,Yes,No,No,No
254,No,No,No,No,No,No,No,No,Yes,No,No
255,No,No,No,No,No,Yes,No,Yes,No,No,Yes
256,No,No,No,Yes,No,No,No,No,No,No,Yes
257,No,No,Yes,No,No,No,No,Yes,Yes,No,Yes
258,Yes,No,Yes,Yes,Yes,Yes,No,No,Yes,Yes,No
259,No,No,No,No,No,No,No,No,No,No,No
260,Yes,No,No,No,No,No,Yes,Yes,No,No,Yes
261,No,No,No,Yes,No,No,No,No,No,No,No
262,Yes,Yes,No,No,No,No,No,No,No,No,No
263,No,Yes,No,Yes,No,Yes,Yes,No,No,No,No
264,Yes,No,No,No,No,Yes,No,No,No,Yes,No
265,Yes,No,No,No,No,No,No,Yes,No,No,No
266,Yes,No,No,Yes,No,Yes,Yes,Yes,No,No,No
267,No,No,No,Yes,No,Yes,No,Yes,No,Yes,No
268,No,No,No,No,No,Yes,Yes,Yes,No,No,No
269,No,Yes,No,No,No,No,No,No,No,No,No
270,No,No,No,No,No,Yes,No,No,No,No,Yes
271,Yes,No,No,No,No,No,No,No,No,No,No
272,No,No,No,Yes,No,No,No,Yes,No,No,Yes
273,Yes,Yes,No,Yes,No,No,No,No,No,Yes,Yes
274,No,No,No,Yes,No,No,No,No,No,No,No
275,No,No,No,No,No,No,Yes,Yes,No,No,Yes
276,No,No,No,No,Yes,Yes,No,Yes,Yes,No,Yes
277,No,No,No,No,No,No,No,No,No,No,No
278,No,No,No,Yes,No,No,Yes,Yes,No,No,Yes
279,No,No,No,No,No,No,No,No,No,No,No
280,No,No,No,Yes,Yes,Yes,No,Yes,No,No,No
281,No,No,No,Yes,Yes,No,No,Yes,Yes,No,No
282,Yes,No,No,No,No,No,No,Yes,Yes,No,Yes
283,No,No,No,No,No,No,No,Yes,No,No,No
284,No,No,No,Yes,Yes,No,No,Yes,No,No,No
285,No,No,No,No,No,No,No,Yes,No,No,Yes
286,Yes,No,No,No,No,Yes,No,No,Yes,Yes,No
287,No,Yes,Yes,Yes,No,No,No,Yes,No,No,Yes
288,Yes,No,Yes,No,Yes,Yes,No,No,Yes,No,No
289,No,Yes,Yes,No,No,Yes,No,Yes,No,No,No
290,No,Yes,No,No,No,No,No,Yes,No,No,Yes
291,Yes,No,No,No,Yes,No,No,Yes,Yes,Yes,Yes
292,No,No,Yes,No,Yes,Yes,Yes,Yes,No,No,No
293,Yes,No,No,Yes,No,No,No,Yes,No,No,No
294,Yes,No,Yes,No,No,No,No,No,No,No,No
295,Yes,No,No,No,No,Yes,No,No,No,Yes,No
296,Yes,Yes,No,No,No,No,No,No,No,Yes,No
297,No,Yes,No,No,No,No,No,No,No,No,Yes
298,Yes,No,No,No,No,No,No,No,No,No,No
299,Yes,No,No,No,No,No,No,No,No,Yes,No
300,Yes,No,No,No,Yes,No,No,No,No,No,No
301,No,No,No,Yes,No,No,No,Yes,Yes,No,No
302,No,No,No,No,No,No,No,No,No,No,No
303,No,No,No,Yes,No,Yes,Yes,Yes,No,No,No
304,No,No,No,No,No,No,No,Yes,No,No,Yes
305,No,Yes,No,Yes,Yes,Yes,Yes,No,No,No,No
306,No,Yes,No,No,Yes,No,No,Yes,No,No,Yes
307,Yes,No,No,Yes,No,Yes,Yes,No,No,No,No
308,No,No,No,No,No,No,Yes,No,No,No,No
309,No,No,No,No,No,No,Yes,No,No,No,No
310,No,No,No,No,No,No,No,No,No,Yes,No
311,No,No,No,Yes,No,No,No,No,No,No,No
312,No,No,No,No,No,No,No,No,No,No,No
313,No,No,No,No,No,No,No,No,No,No,No
314,Yes,No,No,No,No,No,No,No,No,No,Yes
315,No,No,No,No,No,No,No,No,No,No,No
316,Yes,Yes,Yes,No,No,No,Yes,Yes,No,Yes,Yes
317,No,No,Yes,No,No,No,No,No,No,Yes,No
318,No,No,No,Yes,No,Yes,Yes,No,No,No,No
319,No,No,Yes,No,No,No,No,No,No,Yes,Yes
320,No,Yes,Yes,No,Yes,No,No,No,No,No,No
321,No,No,Yes,No,No,No,No,No,No,No,No
322,No,No,No,Yes,No,Yes,Yes,No,No,No,No
323,Yes,No,No,Yes,Yes,No,Yes,No,No,No,No
324,No,No,No,Yes,No,Yes,Yes,No,No,No,No
325,No,No,No,Yes,Yes,Yes,No,No,No,No,No
326,No,No,No,No,No,No,No,No,No,No,No
327,Yes,No,No,No,No,Yes,No,No,No,Yes,Yes
328,Yes,No,No,No,No,Yes,No,No,No,Yes,Yes
329,No,No,No,No,No,No,No,No,No,Yes,No
330,No,No,No,No,Yes,No,No,No,No,No,No
331,Yes,No,Yes,No,No,No,No,No,No,Yes,Yes
332,No,No,Yes,No,No,Yes,Yes,Yes,No,No,Yes
333,No,No,No,No,Yes,Yes,No,No,No,No,No
334,No,No,No,Yes,Yes,No,No,No,No,No,No
335,Yes,Yes,Yes,Yes,No,No,No,Yes,Yes,Yes,No
336,No,Yes,No,Yes,Yes,Yes,Yes,No,No,No,No
337,No,No,No,No,Yes,No,No,No,Yes,No,No
338,No,No,No,No,No,No,No,No,No,No,No
339,Yes,Yes,No,No,No,No,No,No,Yes,No,No
340,No,No,No,Yes,No,No,No,No,No,No,Yes
341,Yes,No,Yes,No,No,No,No,No,No,No,Yes
342,No,No,No,Yes,No,Yes,Yes,No,No,Yes,Yes
343,No,No,Yes,No,No,No,No,No,No,No,No
344,No,No,No,No,No,No,No,Yes,No,No,No
345,No,No,No,No,No,No,Yes,No,No,No,Yes
346,No,No,No,Yes,No,Yes,Yes,No,No,No,No
347,Yes,No,No,No,No,Yes,No,Yes,No,Yes,Yes
348,No,No,No,No,No,No,No,No,No,No,No
349,Yes,No,No,No,Yes,No,Yes,No,No,No,No
350,No,No,Yes,No,Yes,Yes,No,Yes,No,Yes,Yes
351,No,No,No,No,No,No,No,Yes,Yes,Yes,Yes
352,No,No,No,No,No,No,No,No,No,No,No
353,Yes,No,No,No,No,No,No,No,Yes,No,No
354,No,No,No,Yes,Yes,Yes,Yes,No,No,No,No
355,No,Yes,No,Yes,No,Yes,Yes,Yes,No,No,No
356,No,Yes,No,No,No,No,No,No,No,No,Yes
357,No,No,No,Yes,Yes,Yes,Yes,No,No,No,No
358,No,No,Yes,Yes,No,Yes,Yes,No,No,No,No
359,No,No,No,No,No,No,No,No,No,No,No
360,No,No,No,Yes,No,No,No,No,No,No,No
361,Yes,No,No,No,Yes,No,Yes,Yes,No,Yes,Yes
362,No,No,No,No,No,No,No,No,No,No,No
363,No,No,Yes,Yes,No,No,No,No,Yes,No,No
364,Yes,No,No,Yes,No,No,No,Yes,Yes,Yes,No
365,Yes,No,No,No,Yes,Yes,No,No,No,Yes,Yes
366,Yes,No,No,No,No,No,No,Yes,No,No,Yes
367,No,Yes,No,Yes,No,Yes,Yes,No,No,Yes,No
368,No,No,Yes,No,No,No,No,Yes,Yes,No,No
369,No,No,Yes,No,No,No,No,Yes,No,No,Yes
370,No,No,No,No,No,No,No,No,No,No,Yes
371,No,Yes,No,No,No,No,No,No,No,No,No
372,Yes,No,No,No,No,No,No,No,No,Yes,No
373,Yes,No,No,No,No,No,No,No,No,No,No
374,Yes,No,No,No,No,No,No,No,No,Yes,Yes
375,Yes,No,No,No,No,No,No,Yes,No,Yes,Yes
376,No,No,Yes,No,No,No,No,No,No,Yes,Yes
377,No,No,No,No,No,No,No,No,No,Yes,No
378,No,No,No,No,No,No,No,No,Yes,Yes,No
379,Yes,No,No,No,No,No,No,No,No,Yes,No
380,No,Yes,No,No,No,No,No,No,No,No,No
381,No,No,No,Yes,No,Yes,No,No,Yes,No,No
382,Yes,No,No,No,No,No,No,Yes,Yes,No,No
383,No,No,No,No,No,Yes,No,No,Yes,Yes,No
384,No,No,Yes,No,No,No,No,No,No,Yes,Yes
385,Yes,No,No,No,Yes,Yes,No,Yes,No,No,No
386,Yes,No,No,No,No,No,Yes,No,No,Yes,No
387,Yes,No,Yes,No,No,No,No,Yes,No,Yes,Yes
388,No,No,Yes,No,No,No,Yes,No,No,No,No
389,No,No,No,Yes,No,Yes,Yes,No,Yes,No,No
390,No,Yes,No,No,No,No,No,No,No,No,Yes
391,No,Yes,No,No,No,Yes,No,No,No,No,No
392,No,No,No,Yes,No,Yes,Yes,No,Yes,No,No
393,Yes,No,No,Yes,No,Yes,Yes,No,No,Yes,No
394,No,No,No,Yes,No,Yes,Yes,Yes,No,No,No
395,No,No,No,No,No,No,No,No,No,Yes,No
396,No,No,No,No,No,No,No,No,No,No,No
397,No,No,No,No,No,No,No,No,No,Yes,Yes
398,No,No,No,No,No,No,No,No,No,Yes,Yes
399,No,No,No,Yes,No,Yes,Yes,No,No,No,Yes
400,No,No,No,Yes,No,Yes,Yes,No,No,No,No
401,No,No,Yes,No,No,No,No,No,Yes,No,No
402,Yes,No,No,No,No,No,No,No,No,Yes,No
403,No,No,No,Yes,Yes,Yes,Yes,Yes,No,Yes,No
404,No,No,Yes,Yes,No,Yes,Yes,No,No,No,No
405,Yes,No,No,No,No,Yes,No,No,No,Yes,No
406,No,No,No,No,Yes,No,No,Yes,No,No,Yes
407,No,Yes,No,Yes,No,No,No,Yes,No,No,No
408,No,No,No,No,No,Yes,No,No,No,No,No
409,No,No,No,No,No,No,No,Yes,No,Yes,No
410,No,No,No,Yes,Yes,No,No,Yes,Yes,No,No
411,Yes,No,No,Yes,No,Yes,Yes,No,No,No,No
412,No,No,Yes,Yes,No,Yes,Yes,No,No,No,No
413,No,Yes,No,No,No,No,No,Yes,Yes,Yes,Yes
414,No,No,No,No,No,No,No,Yes,Yes,No,Yes
415,No,No,No,No,No,No,No,No,No,No,No
416,Yes,Yes,No,No,No,No,No,No,No,Yes,No
417,No,No,No,No,No,No,No,No,No,No,No
418,No,No,Yes,No,No,No,No,No,No,No,No
419,No,Yes,No,Yes,No,Yes,Yes,No,No,No,Yes
420,No,No,Yes,No,No,No,No,No,No,Yes,No
421,No,No,No,Yes,No,Yes,Yes,No,No,No,No
422,No,No,No,No,No,Yes,No,No,No,Yes,No
423,No,Yes,No,No,No,No,Yes,No,No,No,No
424,Yes,No,No,No,Yes,Yes,No,No,No,No,No
425,No,No,No,Yes,Yes,No,No,Yes,Yes,No,No
426,No,No,Yes,No,No,No,No,No,No,No,No
427,No,No,No,No,Yes,No,No,Yes,No,No,No
428,No,No,No,No,Yes,No,No,Yes,No,Yes,Yes
429,No,No,No,No,No,No,No,No,No,No,No
430,Yes,No,Yes,No,No,No,No,No,No,No,No
431,Yes,No,No,Yes,Yes,Yes,Yes,No,No,Yes,No
432,Yes,Yes,Yes,No,No,No,Yes,No,No,Yes,No
433,No,No,No,No,No,No,No,No,No,No,No
434,Yes,Yes,No,No,Yes,Yes,No,No,No,No,No
435,No,No,No,Yes,No,No,No,No,No,No,Yes
436,No,Yes,Yes,No,No,No,Yes,No,No,Yes,No
437,Yes,No,Yes,No,Yes,No,No,No,No,Yes,No
438,No,No,No,Yes,No,Yes,No,No,Yes,No,No
439,No,No,Yes,No,Yes,No,Yes,No,Yes,No,No
440,No,No,No,Yes,Yes,Yes,Yes,No,No,No,No
441,Yes,No,No,Yes,No,Yes,Yes,Yes,No,Yes,No
442,No,No,No,Yes,No,Yes,No,No,No,No,No
443,Yes,No,No,No,No,No,No,Yes,No,No,No
444,Yes,No,No,No,No,No,Yes,No,No,Yes,No
445,No,No,Yes,No,No,No,No,Yes,No,No,Yes
446,No,Yes,No,No,No,No,No,No,No,No,No
447,No,No,No,Yes,No,Yes,Yes,No,No,No,No
448,Yes,No,No,No,Yes,No,No,No,No,Yes,Yes
449,No,No,No,No,Yes,Yes,No,No,No,No,Yes
450,No,No,No,No,No,No,No,Yes,No,No,Yes
451,No,Yes,No,No,No,No,No,No,No,Yes,No
452,Yes,Yes,No,No,Yes,No,No,No,No,No,Yes
453,Yes,No,No,No,Yes,No,No,No,No,No,No
454,No,No,No,No,No,No,Yes,No,No,No,No
455,Yes,No,No,Yes,No,Yes,Yes,No,No,Yes,No
456,No,No,No,No,No,No,No,No,Yes,Yes,Yes
457,Yes,No,No,No,No,No,No,No,Yes,Yes,Yes
458,No,No,No,No,Yes,Yes,No,No,No,No,No
459,No,No,No,No,Yes,No,No,Yes,No,No,No
460,Yes,No,No,No,Yes,No,No,No,No,Yes,No
461,Yes,Yes,No,No,No,No,No,No,No,Yes,No
462,No,No,Yes,Yes,Yes,Yes,Yes,No,Yes,No,No
463,No,No,No,No,No,No,No,Yes,No,No,Yes
464,No,No,Yes,Yes,No,Yes,Yes,No,No,No,No
465,No,No,No,Yes,No,Yes,Yes,No,Yes,No,No
466,Yes,No,No,Yes,Yes,Yes,Yes,Yes,No,Yes,Yes
467,No,Yes,No,No,No,No,No,No,No,No,No
468,No,No,Yes,Yes,Yes,No,No,Yes,No,No,Yes
469,Yes,Yes,No,No,No,No,No,Yes,No,No,No
470,No,No,Yes,No,No,Yes,Yes,No,No,No,No
471,Yes,No,No,No,No,Yes,No,Yes,No,No,Yes
472,Yes,No,No,No,No,No,Yes,Yes,No,Yes,Yes
473,No,No,No,Yes,Yes,No,No,No,No,Yes,Yes
474,No,No,No,Yes,No,Yes,Yes,No,Yes,No,No
475,Yes,No,No,No,Yes,No,Yes,No,No,Yes,No
476,No,No,No,No,No,No,No,No,No,No,Yes
477,No,Yes,No,No,No,No,Yes,Yes,No,No,No
478,No,No,Yes,No,No,No,No,No,No,No,No
479,No,No,No,No,No,No,No,No,No,Yes,No
480,Yes,No,No,No,No,Yes,No,No,No,Yes,No
481,No,No,No,No,Yes,Yes,No,No,No,No,No
482,No,No,Yes,No,Yes,No,No,No,No,No,No
483,Yes,No,No,No,Yes,No,No,No,No,Yes,No
484,No,No,No,No,No,No,Yes,No,No,No,No
485,No,No,No,No,No,No,No,No,Yes,No,Yes
486,No,No,No,No,Yes,No,No,No,Yes,No,Yes
487,No,No,No,Yes,No,No,No,Yes,No,No,No
488,No,No,No,No,No,No,No,No,Yes,No,No
489,No,No,No,Yes,No,Yes,Yes,No,No,Yes,No
490,Yes,Yes,No,No,Yes,No,No,Yes,No,Yes,Yes
491,No,No,No,No,No,No,Yes,Yes,No,No,Yes
492,Yes,No,Yes,Yes,No,Yes,No,No,Yes,No,No
493,No,No,No,Yes,No,Yes,No,Yes,No,No,No
494,No,No,No,Yes,No,Yes,Yes,No,No,No,No
495,No,No,No,No,Yes,Yes,No,No,No,Yes,No
496,Yes,No,Yes,No,No,No,No,No,Yes,No,No
497,No,No,No,Yes,No,Yes,Yes,No,No,No,No
498,No,No,No,No,No,No,No,No,No,No,Yes
499,No,No,No,No,No,No,No,Yes,Yes,No,No
500,Yes,No,Yes,No,No,No,No,No,No,No,No
501,Yes,No,No,No,No,No,Yes,Yes,No,No,Yes
502,No,No,No,No,No,No,No,No,No,No,No
503,No,No,No,Yes,No,No,No,No,No,No,Yes
504,Yes,Yes,Yes,No,No,No,No,No,No,No,No
505,No,No,No,No,No,No,No,No,Yes,No,No
506,No,Yes,Yes,No,No,No,No,No,No,No,No
507,No,Yes,No,No,No,No,No,No,No,No,No
508,No,No,No,No,No,No,No,Yes,No,No,Yes
509,No,Yes,Yes,No,No,No,Yes,No,Yes,No,Yes
510,No,No,No,No,Yes,No,No,No,Yes,Yes,No
511,Yes,No,No,No,No,No,Yes,Yes,No,No,Yes
512,No,No,No,No,No,No,Yes,No,No,No,No
513,No,No,No,Yes,No,No,No,No,No,No,No
514,No,No,No,Yes,No,Yes,Yes,Yes,No,No,No
515,No,Yes,No,No,No,No,No,No,No,No,Yes
516,No,No,No,No,No,No,No,No,No,No,No
517,No,No,No,No,No,No,No,No,No,Yes,No
518,No,Yes,No,Yes,No,No,No,No,Yes,No,Yes
519,Yes,No,No,Yes,No,No,No,Yes,No,No,No
520,No,Yes,No,No,Yes,No,No,No,No,No,No
521,No,No,Yes,No,No,No,Yes,No,No,No,No
522,No,No,No,Yes,No,Yes,No,Yes,No,No,Yes
523,No,No,No,No,No,No,No,No,No,Yes,No
524,No,No,No,No,No,No,No,Yes,No,No,No
525,Yes,No,No,Yes,No,No,No,No,No,Yes,No
526,Yes,Yes,No,Yes,No,No,Yes,No,No,No,No
527,Yes,Yes,No,No,No,No,Yes,Yes,No,Yes,No
528,Yes,No,No,No,No,No,Yes,No,Yes,Yes,No
529,Yes,Yes,No,Yes,No,No,No,Yes,Yes,Yes,Yes
530,No,No,No,No,No,Yes,No,No,No,No,No
531,Yes,No,No,Yes,No,Yes,Yes,No,Yes,No,No
532,Yes,No,No,No,Yes,No,Yes,No,No,Yes,No
533,Yes,No,No,No,Yes,No,No,Yes,No,No,Yes
534,No,No,No,No,No,No,No,Yes,No,Yes,No
535,Yes,No,Yes,No,Yes,Yes,No,No,Yes,Yes,No
536,Yes,No,No,Yes,No,No,No,No,No,No,No
537,No,Yes,No,Yes,No,Yes,Yes,No,No,No,No
538,No,No,No,No,Yes,No,No,No,No,Yes,No
539,No,Yes,No,No,No,No,No,No,No,No,No
540,No,Yes,No,Yes,No,No,Yes,No,No,No,No
541,Yes,Yes,No,Yes,No,Yes,Yes,No,No,Yes,No
542,No,No,No,No,No,Yes,No,Yes,No,Yes,Yes
543,No,No,No,Yes,No,Yes,Yes,Yes,No,No,No
544,Yes,No,No,No,No,No,No,No,No,No,Yes
545,No,No,No,No,No,No,No,Yes,No,No,No
546,No,No,No,Yes,No,No,No,Yes,No,No,Yes
547,No,Yes,No,No,No,No,No,Yes,No,No,No
548,No,No,No,No,No,No,No,Yes,No,No,Yes
549,No,No,No,No,No,No,No,Yes,Yes,No,Yes
550,No,Yes,No,No,No,Yes,No,No,No,No,No
551,No,Yes,No,No,Yes,No,No,No,No,No,No
552,Yes,No,No,No,No,Yes,Yes,Yes,No,Yes,Yes
553,No,No,Yes,Yes,No,No,No,No,Yes,No,No
554,No,No,No,Yes,No,Yes,Yes,No,No,No,No
555,No,No,No,Yes,Yes,Yes,Yes,No,No,No,No
556,No,No,No,No,No,No,No,No,No,No,No
557,No,No,No,Yes,Yes,Yes,Yes,No,No,No,No
558,No,No,No,No,No,No,No,Yes,No,No,No
559,No,No,Yes,No,No,No,No,No,Yes,No,No
560,Yes,No,No,No,No,Yes,No,Yes,Yes,No,No
561,No,No,No,No,No,No,No,No,Yes,Yes,Yes
562,Yes,No,No,No,Yes,No,No,No,No,No,Yes
563,No,No,No,No,No,No,No,Yes,No,No,No
564,No,No,No,Yes,No,Yes,Yes,No,No,No,Yes
565,No,No,No,No,No,No,No,No,No,No,No
566,Yes,No,Yes,No,No,No,No,No,No,Yes,No
567,No,No,No,Yes,No,No,No,Yes,No,Yes,No
568,No,No,No,No,Yes,No,No,No,No,No,No
569,No,No,Yes,No,Yes,No,No,No,No,No,No
570,No,Yes,No,No,No,No,No,No,No,No,No
571,No,No,No,No,No,No,Yes,No,No,Yes,Yes
572,No,No,No,Yes,No,Yes,Yes,No,No,No,No
573,No,Yes,No,No,No,Yes,No,No,Yes,No,No
574,Yes,Yes,No,No,No,No,No,No,Yes,No,No
575,Yes,No,No,Yes,Yes,No,No,No,No,No,Yes
576,Yes,No,Yes,No,Yes,No,No,No,No,Yes,No
577,No,Yes,No,No,No,No,No,No,Yes,No,No
578,No,Yes,No,No,No,No,No,No,No,No,No
579,No,No,No,No,No,No,No,No,No,No,No
580,No,No,No,No,No,No,No,No,No,No,No
581,No,No,No,No,No,Yes,No,No,No,Yes,No
582,Yes,No,No,No,No,Yes,No,No,No,No,No
583,No,No,Yes,No,No,No,No,Yes,Yes,No,Yes
584,No,No,No,No,No,No,No,Yes,No,No,No
585,No,No,Yes,No,No,No,Yes,Yes,No,Yes,Yes
586,No,No,No,Yes,No,Yes,Yes,No,No,Yes,Yes
587,No,No,No,No,Yes,No,No,No,No,Yes,No
588,No,No,Yes,No,No,No,No,Yes,No,No,Yes
589,Yes,No,No,No,Yes,No,Yes,Yes,No,Yes,Yes
590,No,Yes,Yes,No,No,Yes,No,No,No,No,No
591,No,No,Yes,No,No,No,No,No,No,No,No
592,No,No,No,Yes,Yes,Yes,Yes,No,No,No,No
593,No,No,No,No,No,Yes,No,No,Yes,No,No
594,No,No,No,Yes,No,No,No,No,No,No,No
595,No,No,No,Yes,No,No,No,Yes,No,No,No
596,No,Yes,No,No,No,No,No,No,No,No,No
597,No,No,No,No,No,Yes,No,No,No,Yes,No
598,No,No,Yes,No,No,No,No,No,No,No,No
599,No,No,No,Yes,No,Yes,Yes,No,No,No,No
600,No,No,No,No,No,No,Yes,Yes,No,No,No
601,No,No,No,No,No,No,Yes,No,No,No,No
602,No,No,No,No,No,Yes,No,No,Yes,No,Yes
603,Yes,No,No,No,No,No,Yes,No,No,Yes,No
604,No,Yes,No,Yes,Yes,Yes,No,No,No,Yes,No
605,Yes,No,No,No,No,No,No,No,No,No,No
606,Yes,No,No,Yes,No,Yes,Yes,No,No,No,Yes
607,No,No,No,No,No,No,No,No,Yes,No,No
608,Yes,No,No,No,No,No,No,No,No,No,No
609,Yes,No,No,No,No,No,No,No,No,Yes,No
610,No,No,Yes,No,No,No,No,No,No,No,No
611,Yes,No,Yes,No,Yes,No,No,No,No,No,No
612,No,No,No,No,No,No,No,Yes,Yes,Yes,Yes
613,Yes,No,Yes,No,No,Yes,Yes,No,No,Yes,No
614,No,No,No,No,No,No,No,No,No,No,No
615,Yes,Yes,No,No,No,No,Yes,No,No,No,No
616,No,Yes,No,Yes,No,Yes,Yes,No,Yes,Yes,Yes
617,No,No,No,Yes,No,No,No,No,No,No,No
618,Yes,No,No,No,No,No,Yes,No,No,No,No
619,Yes,No,Yes,Yes,No,Yes,Yes,Yes,No,Yes,No
620,Yes,No,No,No,No,No,Yes,No,No,No,No
621,No,No,No,No,Yes,No,Yes,No,Yes,No,No
622,No,No,No,Yes,Yes,No,No,No,No,No,No
623,Yes,No,No,No,Yes,No,No,No,No,Yes,Yes
624,No,Yes,No,No,Yes,No,No,No,No,No,No
625,No,No,No,No,No,No,No,Yes,No,Yes,Yes
626,No,No,No,No,Yes,No,No,Yes,No,No,Yes
627,No,No,No,Yes,No,No,No,No,No,No,No
628,No,No,Yes,Yes,No,No,No,No,No,Yes,Yes
629,Yes,No,No,Yes,No,Yes,Yes,No,No,No,No
630,No,No,No,No,No,No,No,Yes,No,No,Yes
631,No,Yes,No,Yes,No,No,No,Yes,Yes,No,No
632,Yes,No,No,No,No,No,No,No,No,No,Yes
633,No,No,No,No,Yes,No,No,No,Yes,Yes,No
634,No,No,No,No,No,No,No,Yes,No,No,No
635,No,No,Yes,No,No,No,Yes,No,No,Yes,No
636,No,No,No,No,No,No,No,No,No,No,No
637,Yes,No,No,No,No,No,Yes,Yes,No,Yes,Yes
638,No,No,Yes,No,No,No,No,Yes,Yes,No,Yes
639,Yes,Yes,No,No,Yes,No,No,No,Yes,No,No
640,No,Yes,No,No,No,Yes,No,No,No,No,No
641,No,No,Yes,No,No,Yes,No,Yes,No,No,Yes
642,Yes,No,No,No,No,No,No,Yes,No,Yes,Yes
643,No,No,No,No,No,No,No,Yes,No,No,Yes
644,Yes,No,No,Yes,No,Yes,Yes,No,No,Yes,No
645,No,No,No,Yes,Yes,No,Yes,No,No,No,No
646,No,No,No,No,No,No,No,No,No,No,No
647,Yes,No,No,No,No,No,No,No,No,Yes,No
648,Yes,No,No,Yes,No,Yes,No,No,No,Yes,No
649,No,Yes,No,No,Yes,No,No,No,No,No,No
650,No,Yes,No,Yes,No,No,No,Yes,No,No,No
651,No,No,No,No,No,No,No,Yes,No,No,No
652,No,No,No,No,No,No,No,No,No,No,No
653,No,No,Yes,No,Yes,Yes,No,No,No,No,No
654,No,No,No,No,No,No,No,No,No,Yes,No
655,Yes,No,No,Yes,No,Yes,Yes,No,No,No,No
656,Yes,No,No,No,No,No,No,No,No,Yes,No
657,No,Yes,No,No,No,No,No,Yes,No,No,No
658,No,No,No,No,No,No,No,No,No,Yes,No
659,No,Yes,Yes,No,No,No,No,Yes,No,No,No
660,No,No,No,No,No,No,No,Yes,No,No,No
661,Yes,Yes,No,No,Yes,No,Yes,No,No,Yes,Yes
662,Yes,No,No,Yes,No,Yes,Yes,Yes,No,Yes,No
663,Yes,Yes,No,Yes,No,Yes,Yes,No,No,Yes,No
664,Yes,No,Yes,No,No,No,No,No,No,Yes,Yes
665,No,No,No,No,No,No,No,No,No,Yes,No
666,Yes,Yes,Yes,No,Yes,No,No,No,Yes,No,No
667,No,No,No,Yes,No,Yes,Yes,Yes,No,No,No
668,No,Yes,No,No,No,No,No,Yes,No,No,Yes
669,No,No,Yes,Yes,No,No,No,Yes,Yes,Yes,Yes
670,Yes,No,No,No,Yes,No,No,No,No,Yes,Yes
671,No,No,No,Yes,Yes,No,No,Yes,No,No,No
672,Yes,No,No,No,No,No,No,No,No,No,No
673,No,No,No,No,No,No,No,No,No,Yes,No
674,No,No,No,No,No,No,No,Yes,No,No,Yes
675,No,Yes,No,No,No,No,Yes,No,No,Yes,No
676,No,No,Yes,No,No,No,No,No,No,Yes,No
677,No,No,No,No,No,No,No,Yes,No,No,Yes
678,Yes,No,No,No,Yes,No,No,No,No,No,No
679,No,No,No,No,No,No,No,Yes,No,No,Yes
680,Yes,No,No,No,No,No,No,Yes,No,Yes,No
681,No,No,No,No,Yes,No,No,No,No,No,No
682,Yes,No,No,No,No,No,No,No,No,No,No
683,Yes,Yes,Yes,Yes,No,No,No,No,Yes,No,Yes
684,No,Yes,No,No,Yes,No,No,No,No,No,No
685,No,No,No,Yes,No,No,No,Yes,No,No,No
686,No,No,No,No,No,Yes,No,No,Yes,No,No
687,No,No,Yes,No,No,No,No,No,No,No,No
688,No,Yes,No,No,No,No,No,Yes,Yes,No,No
689,Yes,No,No,No,No,Yes,No,No,Yes,Yes,No
690,Yes,Yes,No,No,No,Yes,No,No,No,No,No
691,No,No,No,No,No,Yes,Yes,No,No,Yes,Yes
692,No,Yes,No,No,Yes,Yes,No,No,No,No,No
693,No,Yes,No,Yes,No,Yes,Yes,Yes,No,No,No
694,No,No,No,Yes,No,No,No,Yes,No,Yes,No
695,No,No,No,No,Yes,Yes,No,No,No,Yes,No
696,No,No,Yes,No,No,No,No,Yes,No,No,Yes
697,No,No,No,No,No,No,No,No,No,Yes,No
698,Yes,No,Yes,No,No,No,Yes,No,No,Yes,No
699,Yes,No,No,Yes,No,No,No,No,No,Yes,No
700,No,No,No,No,No,No,No,Yes,No,Yes,Yes
701,No,No,No,No,No,No,No,No,No,Yes,No
702,No,No,No,Yes,No,No,No,No,No,No,Yes
703,No,No,No,Yes,No,No,Yes,Yes,Yes,No,Yes
704,No,Yes,No,Yes,Yes,Yes,Yes,No,Yes,No,No
705,No,No,No,No,Yes,No,No,No,No,No,No
706,No,No,No,No,Yes,Yes,No,No,No,No,No
707,No,No,No,No,Yes,No,Yes,No,Yes,No,No
708,No,No,Yes,No,No,No,No,No,No,No,No
709,No,No,No,Yes,Yes,No,No,No,No,Yes,No
710,Yes,Yes,No,Yes,No,No,No,No,No,Yes,No
711,No,No,No,Yes,Yes,Yes,No,No,Yes,No,No
712,Yes,No,No,No,No,No,No,No,No,Yes,No
713,No,No,No,No,No,Yes,No,No,No,Yes,No
714,No,No,No,Yes,No,Yes,Yes,Yes,No,No,No
715,No,No,Yes,No,No,No,No,No,No,Yes,No
716,No,No,No,No,No,No,No,No,No,No,No
717,No,No,No,No,No,No,No,No,No,No,No
718,No,No,No,Yes,No,No,Yes,No,No,No,No
719,No,No,No,Yes,No,Yes,Yes,No,No,No,Yes
720,No,No,Yes,Yes,No,Yes,Yes,No,Yes,No,No
721,No,No,No,No,No,No,No,No,No,Yes,No
722,No,No,No,No,No,No,No,No,No,No,No
723,No,No,No,No,No,No,No,Yes,No,Yes,Yes
724,No,No,No,Yes,No,No,No,No,No,No,No
725,No,Yes,No,Yes,No,No,No,No,No,No,No
726,No,No,No,No,No,Yes,No,Yes,Yes,No,No
727,No,No,No,No,No,No,Yes,Yes,No,Yes,No
728,No,No,No,No,Yes,No,No,No,No,Yes,No
729,Yes,Yes,No,Yes,Yes,No,No,No,No,No,No
730,No,No,No,Yes,No,Yes,No,No,No,No,No
731,Yes,No,No,Yes,No,No,No,Yes,No,Yes,No
732,Yes,No,No,Yes,No,Yes,Yes,No,No,Yes,Yes
733,No,No,No,No,No,Yes,No,No,No,No,No
734,No,No,No,No,No,No,No,No,No,Yes,No
735,No,No,No,Yes,No,No,Yes,No,No,Yes,No
736,No,No,No,No,No,Yes,Yes,No,No,No,No
737,No,Yes,Yes,Yes,Yes,Yes,Yes,Yes,Yes,No,No
738,No,No,No,Yes,No,No,No,No,No,No,No
739,Yes,Yes,No,No,Yes,No,No,Yes,Yes,No,Yes
740,No,No,No,Yes,No,Yes,Yes,No,No,No,No
741,No,Yes,No,No,Yes,No,No,Yes,No,No,Yes
742,Yes,No,No,No,No,Yes,No,Yes,No,Yes,No
743,No,No,Yes,No,No,No,No,No,No,Yes,Yes
744,No,No,No,No,Yes,No,No,Yes,No,No,Yes
745,Yes,No,No,No,No,No,No,Yes,No,No,No
746,Yes,No,No,No,No,No,No,No,Yes,No,No
747,No,No,No,No,No,No,No,Yes,No,Yes,Yes
748,No,No,No,No,No,No,No,No,Yes,No,No
749,No,Yes,No,No,No,No,No,No,Yes,No,No
750,No,No,No,Yes,No,Yes,No,No,Yes,Yes,No
751,No,No,No,Yes,No,Yes,Yes,No,No,No,Yes
752,No,No,No,Yes,Yes,Yes,Yes,No,No,No,No
753,Yes,Yes,Yes,Yes,Yes,No,No,No,Yes,No,No
754,No,No,No,Yes,No,Yes,Yes,Yes,Yes,No,No
755,No,No,No,No,Yes,No,No,Yes,No,No,Yes
756,No,No,No,Yes,Yes,No,No,No,No,No,No
757,No,No,No,No,No,No,No,Yes,No,Yes,No
758,No,No,No,No,No,No,No,No,No,Yes,No
759,No,No,No,No,No,No,Yes,No,Yes,No,No
760,No,No,No,No,No,No,No,Yes,No,No,Yes
761,No,No,No,No,No,No,No,No,No,No,Yes
762,Yes,No,No,Yes,No,No,Yes,Yes,No,Yes,No
763,No,Yes,Yes,No,No,Yes,No,No,No,No,Yes
764,No,Yes,No,No,No,No,No,No,No,Yes,No
765,No,No,No,No,No,Yes,Yes,No,No,No,No
766,Yes,No,No,No,No,No,No,No,No,No,No
767,No,No,No,No,No,No,No,Yes,Yes,No,No
768,No,Yes,Yes,No,No,No,No,Yes,No,No,No
769,Yes,No,No,Yes,No,No,No,No,Yes,Yes,No
770,No,No,No,No,No,No,No,Yes,Yes,No,Yes
771,No,No,No,No,No,No,Yes,No,No,No,No
772,No,No,No,Yes,No,No,No,No,No,No,No
773,No,No,Yes,No,No,No,No,No,No,No,No
774,No,No,Yes,No,No,No,No,No,No,No,Yes
775,No,No,No,Yes,No,Yes,No,No,Yes,No,No
776,No,No,No,No,No,No,No,No,No,No,No
777,No,No,No,No,Yes,No,No,No,No,No,No
778,Yes,No,No,No,No,No,No,No,No,No,No
779,No,No,No,No,No,No,Yes,Yes,Yes,No,No
780,No,No,No,Yes,Yes,No,No,Yes,Yes,No,Yes
781,Yes,No,No,No,No,No,Yes,Yes,No,No,No
782,Yes,No,No,No,No,No,No,Yes,Yes,No,No
783,No,No,Yes,Yes,No,No,Yes,No,Yes,No,No
784,Yes,No,Yes,No,No,No,No,No,No,Yes,Yes
785,No,No,No,No,No,No,Yes,No,No,No,No
786,No,Yes,No,No,No,Yes,No,No,No,No,No
787,Yes,No,Yes,No,No,No,No,No,No,Yes,Yes
788,No,No,No,No,Yes,No,No,No,No,Yes,No
789,No,No,No,No,No,No,Yes,No,No,No,Yes
790,No,No,No,No,No,No,No,Yes,Yes,No,No
791,Yes,No,Yes,Yes,Yes,Yes,Yes,No,No,No,No
792,Yes,No,Yes,Yes,No,No,No,No,Yes,Yes,Yes
793,No,No,No,No,No,No,No,No,No,No,No
794,No,No,No,No,No,No,Yes,No,No,No,Yes
795,No,Yes,Yes,No,No,No,No,No,No,No,Yes
796,No,No,No,No,Yes,No,No,Yes,No,No,Yes
797,No,No,No,No,No,No,No,No,No,No,No
798,Yes,Yes,No,No,No,No,No,No,No,Yes,Yes
799,No,No,Yes,No,No,No,No,No,No,No,No
800,No,No,No,No,No,No,No,Yes,No,No,No
801,No,No,Yes,No,No,No,No,No,No,Yes,No
802,No,No,No,No,No,No,No,No,No,No,No
803,No,No,No,No,No,No,Yes,No,Yes,No,No
804,No,Yes,Yes,No,Yes,No,No,No,No,No,No
805,No,No,No,Yes,Yes,Yes,Yes,No,No,No,No
806,Yes,No,No,No,No,No,Yes,No,No,No,No
807,Yes,No,No,Yes,No,No,No,No,Yes,No,No
808,Yes,No,No,No,No,No,Yes,Yes,No,No,Yes
809,Yes,Yes,No,No,Yes,No,No,No,No,Yes,No
810,No,No,No,No,No,No,No,No,No,Yes,No
811,No,No,No,No,No,No,Yes,No,No,No,No
812,Yes,Yes,No,Yes,No,Yes,Yes,No,No,No,No
813,No,No,Yes,Yes,No,No,Yes,No,No,No,No
814,No,No,No,No,No,Yes,No,No,No,No,No
815,Yes,No,No,Yes,No,No,Yes,Yes,Yes,No,Yes
816,Yes,No,No,No,No,No,No,No,Yes,Yes,No
817,No,Yes,No,No,No,No,No,No,Yes,No,No
818,No,Yes,No,No,No,Yes,No,Yes,No,No,Yes
819,No,Yes,No,No,No,Yes,No,No,No,No,Yes
820,Yes,No,No,No,No,No,No,No,No,Yes,No
821,No,No,No,No,No,No,Yes,No,No,No,No
822,No,No,No,Yes,No,Yes,Yes,No,No,No,No
823,Yes,No,Yes,No,Yes,Yes,No,No,No,No,No
824,No,No,No,No,No,No,No,Yes,No,No,Yes
825,Yes,No,Yes,Yes,No,Yes,Yes,No,No,No,No
826,No,No,No,Yes,No,No,No,Yes,No,Yes,Yes
827,Yes,No,No,Yes,No,No,No,Yes,No,No,Yes
828,No,No,No,No,No,No,No,No,No,No,No
829,No,Yes,No,Yes,Yes,No,No,Yes,Yes,Yes,Yes
830,No,No,No,Yes,No,Yes,Yes,No,No,No,No
831,No,Yes,No,No,No,No,No,No,No,No,No
832,Yes,No,Yes,No,No,Yes,No,No,No,Yes,No
833,No,No,No,No,No,Yes,No,No,No,No,No
834,Yes,No,No,No,Yes,No,Yes,No,No,No,No
835,Yes,No,Yes,No,No,No,No,Yes,No,No,Yes
836,Yes,Yes,No,Yes,No,No,No,Yes,Yes,Yes,Yes
837,No,Yes,No,No,No,No,No,No,No,No,No
838,Yes,No,No,Yes,No,No,No,No,No,No,No
839,No,No,Yes,No,No,Yes,Yes,No,No,No,Yes
840,No,No,No,No,Yes,No,No,Yes,No,Yes,Yes
841,No,Yes,Yes,No,Yes,No,No,No,No,No,Yes
842,No,No,No,No,No,No,No,Yes,No,No,No
843,Yes,No,No,Yes,No,Yes,Yes,No,No,No,Yes
844,Yes,No,No,Yes,No,Yes,Yes,No,No,Yes,Yes
845,No,No,Yes,No,No,No,No,No,No,No,Yes
846,No,No,Yes,No,No,No,No,Yes,No,No,Yes
847,Yes,No,Yes,Yes,No,No,No,No,No,No,No
848,No,No,No,No,Yes,Yes,No,No,No,No,Yes
849,No,No,No,No,Yes,No,No,Yes,No,No,No
850,No,No,No,Yes,No,Yes,Yes,Yes,No,No,No
851,No,No,No,Yes,No,No,Yes,No,No,No,No
852,Yes,Yes,No,No,No,No,No,No,Yes,Yes,No
853,Yes,No,Yes,No,No,No,No,No,No,Yes,No
854,No,No,No,No,Yes,No,No,No,No,No,No
855,No,Yes,Yes,Yes,No,Yes,Yes,No,No,No,No
856,Yes,Yes,Yes,No,No,No,No,No,Yes,Yes,No
857,No,No,No,No,Yes,Yes,Yes,No,No,No,No
858,No,No,No,No,No,No,No,No,No,No,No
859,No,No,No,Yes,No,Yes,No,No,No,No,No
860,No,No,No,No,No,No,No,No,Yes,No,No
861,Yes,No,No,No,No,No,No,No,No,No,Yes
862,No,No,No,Yes,No,Yes,Yes,No,No,No,No
863,No,Yes,No,Yes,Yes,Yes,Yes,No,Yes,Yes,No
864,No,No,No,No,Yes,No,Yes,No,No,No,No
865,No,No,No,No,No,No,No,Yes,No,No,Yes
866,Yes,No,No,No,No,No,No,No,Yes,No,Yes
867,No,No,No,No,No,No,Yes,No,Yes,No,No
868,No,No,No,No,No,No,No,No,Yes,No,Yes
869,No,Yes,No,Yes,No,No,No,No,Yes,No,No
870,No,No,No,No,Yes,No,No,Yes,No,No,Yes
871,No,No,No,No,No,No,Yes,No,No,Yes,No
872,No,No,No,No,Yes,No,Yes,No,No,Yes,No
873,Yes,No,No,No,No,No,Yes,No,Yes,Yes,No
874,No,No,No,No,No,No,No,No,No,No,No
875,No,No,No,No,No,No,Yes,No,No,No,No
876,No,No,Yes,No,No,No,No,No,Yes,No,No
877,No,No,Yes,Yes,No,No,Yes,Yes,Yes,No,No
878,Yes,Yes,No,No,No,No,No,No,Yes,Yes,No
879,Yes,Yes,No,Yes,Yes,Yes,Yes,No,No,Yes,No
880,Yes,No,No,No,No,No,No,No,No,No,No
881,No,No,Yes,Yes,No,No,No,No,No,No,No
882,Yes,No,Yes,Yes,No,Yes,Yes,No,No,Yes,No
883,Yes,No,Yes,No,No,No,No,No,No,Yes,No
884,No,Yes,Yes,Yes,No,Yes,Yes,No,No,Yes,Yes
885,No,No,No,No,No,No,No,No,No,No,No
886,No,No,No,Yes,No,No,No,No,No,No,No
887,Yes,No,No,No,No,No,No,Yes,No,No,No
888,No,No,Yes,No,No,No,No,No,No,No,No
889,No,No,No,No,No,Yes,No,No,Yes,No,No
890,Yes,No,No,No,Yes,Yes,No,No,No,No,No
891,No,No,No,Yes,No,Yes,Yes,No,No,Yes,No
892,No,No,No,No,No,No,Yes,No,No,No,Yes
893,Yes,No,No,Yes,Yes,Yes,Yes,Yes,Yes,Yes,No
894,No,No,No,No,No,No,Yes,No,No,No,No
895,No,Yes,No,Yes,No,No,No,Yes,No,No,Yes
896,No,No,No,No,No,No,No,Yes,No,No,Yes
897,No,Yes,No,No,No,No,No,No,Yes,No,No
898,No,No,Yes,No,Yes,Yes,No,No,No,Yes,Yes
899,No,Yes,No,No,No,Yes,No,No,No,No,Yes
900,No,No,No,No,No,No,No,Yes,No,No,No
901,No,No,No,No,Yes,No,No,No,No,No,No
902,No,No,No,No,No,No,No,No,No,No,No
903,No,No,No,Yes,No,Yes,Yes,Yes,No,No,No
904,No,Yes,No,No,No,No,No,No,No,Yes,No
905,Yes,No,No,No,No,No,Yes,Yes,No,Yes,No
906,Yes,No,No,No,No,Yes,No,No,No,No,No
907,No,No,Yes,No,No,No,No,No,No,No,No
908,No,No,No,Yes,No,Yes,Yes,No,No,No,Yes
909,Yes,No,No,Yes,No,Yes,No,No,No,No,No
910,Yes,Yes,No,No,Yes,No,No,No,Yes,Yes,No
911,Yes,Yes,No,Yes,No,Yes,Yes,No,No,No,No
912,No,No,No,Yes,No,No,No,No,No,Yes,Yes
913,No,No,No,No,No,No,No,No,No,No,No
914,No,No,No,Yes,Yes,No,Yes,No,No,No,No
915,No,No,No,Yes,Yes,No,No,Yes,Yes,Yes,Yes
916,Yes,Yes,No,No,No,No,No,Yes,No,No,No
917,Yes,Yes,No,Yes,No,Yes,Yes,No,No,No,No
918,No,Yes,No,No,No,No,No,No,No,Yes,No
919,Yes,No,No,No,No,No,No,No,No,Yes,No
920,No,No,Yes,No,No,No,No,No,No,Yes,No
921,No,No,No,No,No,No,Yes,Yes,No,No,Yes
922,Yes,No,No,No,No,Yes,No,No,No,No,Yes
923,No,No,No,Yes,No,Yes,No,Yes,No,No,No
924,No,Yes,No,No,No,No,No,No,No,No,No
925,No,No,Yes,No,No,No,No,Yes,No,No,No
926,No,No,No,No,No,No,No,No,Yes,No,No
927,Yes,No,No,Yes,No,No,No,Yes,Yes,Yes,Yes
928,Yes,No,Yes,No,No,No,No,No,No,Yes,No
929,Yes,Yes,No,No,No,No,No,Yes,No,No,Yes
930,Yes,No,No,No,Yes,Yes,No,No,Yes,Yes,Yes
931,No,No,No,No,No,Yes,Yes,No,No,No,Yes
932,No,No,No,Yes,Yes,No,Yes,Yes,No,No,Yes
933,Yes,No,No,No,Yes,Yes,No,No,No,No,No
934,No,No,No,No,Yes,Yes,Yes,No,No,No,No
935,No,No,No,Yes,No,Yes,No,No,No,No,No
936,Yes,No,No,Yes,No,No,No,No,No,No,No
937,Yes,No,No,No,No,No,No,No,Yes,Yes,No
938,No,No,No,No,No,Yes,Yes,No,No,No,Yes
939,Yes,No,No,Yes,No,Yes,Yes,No,Yes,No,Yes
940,No,No,No,No,Yes,No,No,Yes,Yes,Yes,Yes
941,No,No,No,No,No,No,No,No,Yes,No,Yes
942,No,No,No,Yes,No,No,No,No,No,No,Yes
943,No,No,No,Yes,No,Yes,Yes,No,No,No,Yes
944,No,Yes,Yes,Yes,No,Yes,Yes,No,No,No,Yes
945,No,No,No,Yes,No,Yes,Yes,No,No,Yes,No
946,No,No,No,No,Yes,No,No,Yes,No,No,No
947,Yes,No,No,No,No,Yes,No,Yes,No,No,No
948,No,No,No,No,Yes,No,No,No,Yes,No,No
949,No,Yes,No,Yes,No,Yes,Yes,Yes,No,No,No
950,No,Yes,No,Yes,Yes,Yes,Yes,No,Yes,No,Yes
951,No,No,No,No,No,No,No,No,No,No,No
952,No,Yes,No,No,No,No,No,No,No,No,Yes
953,Yes,Yes,No,No,No,Yes,No,No,No,No,No
954,No,No,Yes,No,No,No,No,No,No,No,No
955,No,No,No,No,No,No,Yes,No,Yes,No,No
956,No,No,No,No,No,No,No,Yes,Yes,No,Yes
957,No,Yes,No,No,No,Yes,No,No,No,No,No
958,No,Yes,No,No,Yes,No,Yes,Yes,No,No,No
959,No,Yes,No,Yes,Yes,Yes,No,No,No,No,Yes
960,Yes,No,No,Yes,No,No,No,Yes,Yes,No,No
961,No,No,No,No,No,No,No,No,No,Yes,No
962,No,No,Yes,No,No,Yes,No,No,No,No,No
963,No,No,No,No,Yes,No,No,No,No,No,No
964,No,No,Yes,No,No,No,No,Yes,No,No,Yes
965,No,No,No,Yes,No,Yes,Yes,No,No,No,No
966,Yes,No,No,No,No,No,Yes,No,No,Yes,No
967,No,No,No,No,No,No,Yes,No,No,No,No
968,Yes,No,No,Yes,No,No,No,No,No,Yes,Yes
969,Yes,Yes,No,Yes,Yes,Yes,Yes,No,No,Yes,No
970,Yes,No,No,No,No,Yes,No,Yes,No,No,Yes
971,No,No,No,No,No,No,No,Yes,No,No,No
972,No,No,No,No,No,Yes,No,No,No,No,No
973,No,No,Yes,Yes,No,Yes,Yes,Yes,No,No,No
974,Yes,No,No,No,Yes,No,No,No,No,Yes,No
975,Yes,No,No,No,No,No,No,Yes,No,No,Yes
976,No,Yes,Yes,Yes,No,No,No,Yes,No,Yes,No
977,No,No,No,No,No,No,Yes,Yes,No,No,No
978,No,No,No,No,No,No,Yes,No,No,No,No
979,Yes,No,Yes,No,No,No,No,No,No,No,No
980,No,No,No,Yes,No,Yes,Yes,No,No,No,No
981,Yes,No,Yes,No,Yes,Yes,No,No,No,Yes,No
982,No,No,No,No,No,No,No,No,No,No,No
983,No,No,No,Yes,No,Yes,Yes,No,No,No,No
984,Yes,No,Yes,No,No,No,No,No,No,Yes,No
985,Yes,No,No,No,No,No,No,No,No,Yes,No
986,No,No,No,No,No,No,No,No,No,No,No
987,No,No,No,Yes,No,No,No,Yes,No,Yes,Yes
988,Yes,No,Yes,No,No,Yes,Yes,Yes,No,Yes,Yes
989,Yes,No,No,Yes,No,Yes,Yes,No,No,No,No
990,Yes,No,No,No,No,Yes,No,No,No,No,No
991,No,No,No,Yes,No,Yes,Yes,No,No,Yes,No
992,Yes,Yes,No,No,No,No,No,No,Yes,No,No
993,Yes,No,No,Yes,Yes,No,No,No,No,No,No
994,No,No,No,Yes,No,Yes,Yes,No,No,Yes,Yes
995,No,No,No,Yes,No,No,No,No,No,No,No
996,Yes,No,No,Yes,No,No,No,No,No,Yes,No
997,No,Yes,No,No,No,No,No,No,No,No,No
998,Yes,No,No,No,No,No,No,Yes,No,No,Yes
999,No,No,Yes,No,No,No,No,No,Yes,No,Yes
